,src0,src1,dst,Instruction,Family,CPNUM[2:0],,,COPC[8:0],,,,,,,,,CPREG[11:0],,,,,,,,,,,,Hardware,,,,,,,,Software,,,,,,,,,Software Temp,,,,,Hardware Temp,Operand Width,,Operand width,Instruction number,,,,,,,,,
,,,,,,2,1,0,20,19,18,17,16,15,14,13,12,11,10,9,8,7,6,5,4,3,2,1,0,,Operand width,Instruction,Src0,Src1,Dest,Immediate,,`,COPRO_INST,Opcode1,Opcode2,Src0,Src1,Dest,Immediate,,Opcode1,,Opcode2,,,,Decimal,Hex,,Decimal,Hex,,,,,,,,
Operand width,8,8,8,,,,,,,,,,,,,,,,,,,,,,,,,,,,CPINST[20:18],CPINST[17:13],,,,,,,,,,,,,,,,,,,,,,,,,,,,,,,,,
,,,,ADD.8,Arithmetic instruction,Rd,Rn,Rm,0,0,0,0,0,0,0,0,,Rn,Rn,Rn,Rn,Rd,Rd,Rd,Rd,Rm,Rm,Rm,Rm,ADD.8,3'h0,5'h0,"CPNUM[1], CPINST[11:8]","CPNUM[0],CPINST[3:0]","CPNUM[2],CPINST[7:4]",,,ADD.8,CDP,4'h0,3'h0,"CPNUM[1], CRn[3:0]","CPNUM[0], CRm[3:0]","CPNUM[2],CRd[3:0]",,,0,0,0,0,,3'h,0,0,5'h,0,0,,,,,,,,
,,,,SUB.8,Arithmetic instruction,Rd,Rn,Rm,0,0,0,0,0,0,0,1,,Rn,Rn,Rn,Rn,Rd,Rd,Rd,Rd,Rm,Rm,Rm,Rm,SUB.8,3'h0,5'h1,"CPNUM[1], CPINST[11:8]","CPNUM[0],CPINST[3:0]","CPNUM[2],CPINST[7:4]",,,SUB.8,CDP,4'h0,3'h1,"CPNUM[1], CRn[3:0]","CPNUM[0], CRm[3:0]","CPNUM[2],CRd[3:0]",,,0,0,1,1,,3'h,0,0,5'h,1,1,,,,,,,,
,,,,ADDS.8,Arithmetic instruction,Rd,Rn,Rm,0,0,0,0,0,0,1,0,,Rn,Rn,Rn,Rn,Rd,Rd,Rd,Rd,Rm,Rm,Rm,Rm,ADDS.8,3'h0,5'h2,"CPNUM[1], CPINST[11:8]","CPNUM[0],CPINST[3:0]","CPNUM[2],CPINST[7:4]",,,ADDS.8,CDP,4'h0,3'h2,"CPNUM[1], CRn[3:0]","CPNUM[0], CRm[3:0]","CPNUM[2],CRd[3:0]",,,0,0,2,2,,3'h,0,0,5'h,2,2,,,,,,,,
,,,,SUBS.8,Arithmetic instruction,Rd,Rn,Rm,0,0,0,0,0,0,1,1,,Rn,Rn,Rn,Rn,Rd,Rd,Rd,Rd,Rm,Rm,Rm,Rm,SUBS.8,3'h0,5'h3,"CPNUM[1], CPINST[11:8]","CPNUM[0],CPINST[3:0]","CPNUM[2],CPINST[7:4]",,,SUBS.8,CDP,4'h0,3'h3,"CPNUM[1], CRn[3:0]","CPNUM[0], CRm[3:0]","CPNUM[2],CRd[3:0]",,,0,0,3,3,,3'h,0,0,5'h,3,3,,,,,,,,
,,,,UMAX.8,Arithmetic instruction,Rd,Rn,Rm,0,0,0,0,0,1,0,0,,Rn,Rn,Rn,Rn,Rd,Rd,Rd,Rd,Rm,Rm,Rm,Rm,UMAX.8,3'h0,5'h4,"CPNUM[1], CPINST[11:8]","CPNUM[0],CPINST[3:0]","CPNUM[2],CPINST[7:4]",,,UMAX.8,CDP,4'h0,3'h4,"CPNUM[1], CRn[3:0]","CPNUM[0], CRm[3:0]","CPNUM[2],CRd[3:0]",,,0,0,4,4,,3'h,0,0,5'h,4,4,,,,,,,,
,,,,SMAX.8,Arithmetic instruction,Rd,Rn,Rm,0,0,0,0,0,1,0,1,,Rn,Rn,Rn,Rn,Rd,Rd,Rd,Rd,Rm,Rm,Rm,Rm,SMAX.8,3'h0,5'h5,"CPNUM[1], CPINST[11:8]","CPNUM[0],CPINST[3:0]","CPNUM[2],CPINST[7:4]",,,SMAX.8,CDP,4'h0,3'h5,"CPNUM[1], CRn[3:0]","CPNUM[0], CRm[3:0]","CPNUM[2],CRd[3:0]",,,0,0,5,5,,3'h,0,0,5'h,5,5,,,,,,,,
,,,,UMIN.8,Arithmetic instruction,Rd,Rn,Rm,0,0,0,0,0,1,1,0,,Rn,Rn,Rn,Rn,Rd,Rd,Rd,Rd,Rm,Rm,Rm,Rm,UMIN.8,3'h0,5'h6,"CPNUM[1], CPINST[11:8]","CPNUM[0],CPINST[3:0]","CPNUM[2],CPINST[7:4]",,,UMIN.8,CDP,4'h0,3'h6,"CPNUM[1], CRn[3:0]","CPNUM[0], CRm[3:0]","CPNUM[2],CRd[3:0]",,,0,0,6,6,,3'h,0,0,5'h,6,6,,,,,,,,
,,,,SMIN.8,Arithmetic instruction,Rd,Rn,Rm,0,0,0,0,0,1,1,1,,Rn,Rn,Rn,Rn,Rd,Rd,Rd,Rd,Rm,Rm,Rm,Rm,SMIN.8,3'h0,5'h7,"CPNUM[1], CPINST[11:8]","CPNUM[0],CPINST[3:0]","CPNUM[2],CPINST[7:4]",,,SMIN.8,CDP,4'h0,3'h7,"CPNUM[1], CRn[3:0]","CPNUM[0], CRm[3:0]","CPNUM[2],CRd[3:0]",,,0,0,7,7,,3'h,0,0,5'h,7,7,,,,,,,,
,,,,AND.8,Logical instruction,Rd,Rn,Rm,0,0,0,0,1,0,0,0,,Rn,Rn,Rn,Rn,Rd,Rd,Rd,Rd,Rm,Rm,Rm,Rm,AND.8,3'h0,5'h8,"CPNUM[1], CPINST[11:8]","CPNUM[0],CPINST[3:0]","CPNUM[2],CPINST[7:4]",,,AND.8,CDP,4'h1,3'h0,"CPNUM[1], CRn[3:0]","CPNUM[0], CRm[3:0]","CPNUM[2],CRd[3:0]",,,1,1,0,0,,3'h,0,0,5'h,8,8,,,,,,,,
,,,,OR.8,Logical instruction,Rd,Rn,Rm,0,0,0,0,1,0,0,1,,Rn,Rn,Rn,Rn,Rd,Rd,Rd,Rd,Rm,Rm,Rm,Rm,OR.8,3'h0,5'h9,"CPNUM[1], CPINST[11:8]","CPNUM[0],CPINST[3:0]","CPNUM[2],CPINST[7:4]",,,OR.8,CDP,4'h1,3'h1,"CPNUM[1], CRn[3:0]","CPNUM[0], CRm[3:0]","CPNUM[2],CRd[3:0]",,,1,1,1,1,,3'h,0,0,5'h,9,9,,,,,,,,
,,,,NAND.8,Logical instruction,Rd,Rn,Rm,0,0,0,0,1,0,1,0,,Rn,Rn,Rn,Rn,Rd,Rd,Rd,Rd,Rm,Rm,Rm,Rm,NAND.8,3'h0,5'hA,"CPNUM[1], CPINST[11:8]","CPNUM[0],CPINST[3:0]","CPNUM[2],CPINST[7:4]",,,NAND.8,CDP,4'h1,3'h2,"CPNUM[1], CRn[3:0]","CPNUM[0], CRm[3:0]","CPNUM[2],CRd[3:0]",,,1,1,2,2,,3'h,0,0,5'h,10,A,,,,,,,,
,,,,NOR.8,Logical instruction,Rd,Rn,Rm,0,0,0,0,1,0,1,1,,Rn,Rn,Rn,Rn,Rd,Rd,Rd,Rd,Rm,Rm,Rm,Rm,NOR.8,3'h0,5'hB,"CPNUM[1], CPINST[11:8]","CPNUM[0],CPINST[3:0]","CPNUM[2],CPINST[7:4]",,,NOR.8,CDP,4'h1,3'h3,"CPNUM[1], CRn[3:0]","CPNUM[0], CRm[3:0]","CPNUM[2],CRd[3:0]",,,1,1,3,3,,3'h,0,0,5'h,11,B,,,,,,,,
,,,,XOR.8,Logical instruction,Rd,Rn,Rm,0,0,0,0,1,1,0,0,,Rn,Rn,Rn,Rn,Rd,Rd,Rd,Rd,Rm,Rm,Rm,Rm,XOR.8,3'h0,5'hC,"CPNUM[1], CPINST[11:8]","CPNUM[0],CPINST[3:0]","CPNUM[2],CPINST[7:4]",,,XOR.8,CDP,4'h1,3'h4,"CPNUM[1], CRn[3:0]","CPNUM[0], CRm[3:0]","CPNUM[2],CRd[3:0]",,,1,1,4,4,,3'h,0,0,5'h,12,C,,,,,,,,
,,,,XNOR.8,Logical instruction,Rd,Rn,Rm,0,0,0,0,1,1,0,1,,Rn,Rn,Rn,Rn,Rd,Rd,Rd,Rd,Rm,Rm,Rm,Rm,XNOR.8,3'h0,5'hD,"CPNUM[1], CPINST[11:8]","CPNUM[0],CPINST[3:0]","CPNUM[2],CPINST[7:4]",,,XNOR.8,CDP,4'h1,3'h5,"CPNUM[1], CRn[3:0]","CPNUM[0], CRm[3:0]","CPNUM[2],CRd[3:0]",,,1,1,5,5,,3'h,0,0,5'h,13,D,,,,,,,,
,,,,ASRR.8,Shift instruction,Rd,Rn,Rm,0,0,0,0,1,1,1,0,,Rn,Rn,Rn,Rn,Rd,Rd,Rd,Rd,Rm,Rm,Rm,Rm,ASRR.8,3'h0,5'hE,"CPNUM[1], CPINST[11:8]","CPNUM[0],CPINST[3:0]","CPNUM[2],CPINST[7:4]",,,ASRR.8,CDP,4'h1,3'h6,"CPNUM[1], CRn[3:0]","CPNUM[0], CRm[3:0]","CPNUM[2],CRd[3:0]",,,1,1,6,6,,3'h,0,0,5'h,14,E,,,,,,,,
,,,,LSRR.8,Shift instruction,Rd,Rn,Rm,0,0,0,0,1,1,1,1,,Rn,Rn,Rn,Rn,Rd,Rd,Rd,Rd,Rm,Rm,Rm,Rm,LSRR.8,3'h0,5'hF,"CPNUM[1], CPINST[11:8]","CPNUM[0],CPINST[3:0]","CPNUM[2],CPINST[7:4]",,,LSRR.8,CDP,4'h1,3'h7,"CPNUM[1], CRn[3:0]","CPNUM[0], CRm[3:0]","CPNUM[2],CRd[3:0]",,,1,1,7,7,,3'h,0,0,5'h,15,F,,,,,,,,
,,,,LSLR.8,Shift instruction,Rd,Rn,Rm,0,0,0,1,0,0,0,0,,Rn,Rn,Rn,Rn,Rd,Rd,Rd,Rd,Rm,Rm,Rm,Rm,LSLR.8,3'h0,5'h10,"CPNUM[1], CPINST[11:8]","CPNUM[0],CPINST[3:0]","CPNUM[2],CPINST[7:4]",,,LSLR.8,CDP,4'h2,3'h0,"CPNUM[1], CRn[3:0]","CPNUM[0], CRm[3:0]","CPNUM[2],CRd[3:0]",,,2,2,0,0,,3'h,0,0,5'h,16,10,,,,,,,,
,,,,ROLR.8,Shift instruction,Rd,Rn,Rm,0,0,0,1,0,0,0,1,,Rn,Rn,Rn,Rn,Rd,Rd,Rd,Rd,Rm,Rm,Rm,Rm,ROLR.8,3'h0,5'h11,"CPNUM[1], CPINST[11:8]","CPNUM[0],CPINST[3:0]","CPNUM[2],CPINST[7:4]",,,ROLR.8,CDP,4'h2,3'h1,"CPNUM[1], CRn[3:0]","CPNUM[0], CRm[3:0]","CPNUM[2],CRd[3:0]",,,2,2,1,1,,3'h,0,0,5'h,17,11,,,,,,,,
,,,,,,,,,,,,,,,,,,,,,,,,,,,,,,,,,,,,,,,,,,,,,,,,,,,,,,,,,,,,,,,,,
,,,,,,,,,,,,,,,,,,,,,,,,,,,,,,,,,,,,,,,,,,,,,,,,,,,,,,,,,,,,,,,,,
Operand width,8,N/A,8,,,,,,,,,,,,,,,,,,,,,,,,,,,,CPINST[20:17],CPINST[16:13],,,,,,,,,,,,,Imm3,,,,,,,,,,,,,,,,,,,,
,,,,RELU.8,Special function instruction,Rd,Rn,Rm,0,0,1,0,0,0,1,0,,Rn,Rn,Rn,Rn,Rd,Rd,Rd,Rd,,,,,RELU.8,4'h2,4'h2,"CPNUM[1], CPINST[11:8]",,"CPNUM[2],CPINST[7:4]",,,RELU.8,CDP,4'h4,3'h2,"CPNUM[1], CRn[3:0]",,"CPNUM[2],CRd[3:0]",,,4,4,2,2,,4'h,2,2,4'h,2,2,,,,,,,,
,,,,NOT,Logical instruction,Rd,Rn,Rm,0,0,1,0,0,1,1,1,,Rn,Rn,Rn,Rn,Rd,Rd,Rd,Rd,,,,,NOT,4'h2,4'h7,"CPNUM[1], CPINST[11:8]",,"CPNUM[2],CPINST[7:4]",,,NOT,CDP,4'h4,3'h7,"CPNUM[1], CRn[3:0]",,"CPNUM[2],CRd[3:0]",,,4,4,7,7,,4'h,2,2,4'h,7,7,,,,,,,,
,,,,MOV.8,Move and format instruction,Rd,Rn,Rm,0,0,1,0,1,0,0,0,,Rn,Rn,Rn,Rn,Rd,Rd,Rd,Rd,,,,,MOV.8,4'h2,4'h8,"CPNUM[1], CPINST[11:8]",,"CPNUM[2],CPINST[7:4]",,,MOV.8,CDP,4'h5,3'h0,"CPNUM[1], CRn[3:0]",,"CPNUM[2],CRd[3:0]",,,5,5,0,0,,4'h,2,2,4'h,8,8,,,,,,,,
,,,,ASR.8,Shift instruction,Rd,Rn,Rm,0,0,1,0,1,0,0,1,,Rn,Rn,Rn,Rn,Rd,Rd,Rd,Rd,,imm2,imm1,imm0,ASR.8,4'h2,4'h9,"CPNUM[1], CPINST[11:8]",,"CPNUM[2],CPINST[7:4]",Imm3[2:0]=CPINST[2:0],,ASR.8,CDP,4'h5,3'h1,"CPNUM[1], CRn[3:0]",,"CPNUM[2],CRd[3:0]",Imm3[2:0]=CRm[2:0],,5,5,1,1,,4'h,2,2,4'h,9,9,,,,,,,,
,,,,LSR.8,Shift instruction,Rd,Rn,Rm,0,0,1,0,1,0,1,0,,Rn,Rn,Rn,Rn,Rd,Rd,Rd,Rd,,imm2,imm1,imm0,LSR.8,4'h2,4'hA,"CPNUM[1], CPINST[11:8]",,"CPNUM[2],CPINST[7:4]",Imm3[2:0]=CPINST[2:0],,LSR.8,CDP,4'h5,3'h2,"CPNUM[1], CRn[3:0]",,"CPNUM[2],CRd[3:0]",Imm3[2:0]=CRm[2:0],,5,5,2,2,,4'h,2,2,4'h,10,A,,,,,,,,
,,,,LSL.8,Shift instruction,Rd,Rn,Rm,0,0,1,0,1,0,1,1,,Rn,Rn,Rn,Rn,Rd,Rd,Rd,Rd,,imm2,imm1,imm0,LSL.8,4'h2,4'hB,"CPNUM[1], CPINST[11:8]",,"CPNUM[2],CPINST[7:4]",Imm3[2:0]=CPINST[2:0],,LSL.8,CDP,4'h5,3'h3,"CPNUM[1], CRn[3:0]",,"CPNUM[2],CRd[3:0]",Imm3[2:0]=CRm[2:0],,5,5,3,3,,4'h,2,2,4'h,11,B,,,,,,,,
,,,,ROL.8,Shift instruction,Rd,Rn,Rm,0,0,1,0,1,1,0,0,,Rn,Rn,Rn,Rn,Rd,Rd,Rd,Rd,,imm2,imm1,imm0,ROL.8,4'h2,4'hC,"CPNUM[1], CPINST[11:8]",,"CPNUM[2],CPINST[7:4]",Imm3[2:0]=CPINST[2:0],,ROL.8,CDP,4'h5,3'h4,"CPNUM[1], CRn[3:0]",,"CPNUM[2],CRd[3:0]",Imm3[2:0]=CRm[2:0],,5,5,4,4,,4'h,2,2,4'h,12,C,,,,,,,,
Operand width,16,16,16,,,,,,,,,,,,,,,,,,,,,,,,,,,,CPINST[20:17],CPINST[16:13],,,,,,,,,,,,,,,,,,,,,,,,,,,,,,,,,
,,,,ADD.16,Arithmetic instruction,Rd,Rn,Rm,0,0,1,1,0,0,0,0,,Rn,Rn,Rn,Rn,Rd,Rd,Rd,Rd,Rm,Rm,Rm,Rm,ADD.16,4'h3,4'h0,"CPNUM[1], CPINST[11:8]","CPNUM[0],CPINST[3:0]","CPNUM[2],CPINST[7:4]",,,ADD.16,CDP,4'h6,3'h0,"CPNUM[1], CRn[3:0]","CPNUM[0], CRm[3:0]","CPNUM[2],CRd[3:0]",,,6,6,0,0,,4'h,3,3,4'h,0,0,,,,,,,,
,,,,SUB.16,Arithmetic instruction,Rd,Rn,Rm,0,0,1,1,0,0,0,1,,Rn,Rn,Rn,Rn,Rd,Rd,Rd,Rd,Rm,Rm,Rm,Rm,SUB.16,4'h3,4'h1,"CPNUM[1], CPINST[11:8]","CPNUM[0],CPINST[3:0]","CPNUM[2],CPINST[7:4]",,,SUB.16,CDP,4'h6,3'h1,"CPNUM[1], CRn[3:0]","CPNUM[0], CRm[3:0]","CPNUM[2],CRd[3:0]",,,6,6,1,1,,4'h,3,3,4'h,1,1,,,,,,,,
,,,,ADDS.16,Arithmetic instruction,Rd,Rn,Rm,0,0,1,1,0,0,1,0,,Rn,Rn,Rn,Rn,Rd,Rd,Rd,Rd,Rm,Rm,Rm,Rm,ADDS.16,4'h3,4'h2,"CPNUM[1], CPINST[11:8]","CPNUM[0],CPINST[3:0]","CPNUM[2],CPINST[7:4]",,,ADDS.16,CDP,4'h6,3'h2,"CPNUM[1], CRn[3:0]","CPNUM[0], CRm[3:0]","CPNUM[2],CRd[3:0]",,,6,6,2,2,,4'h,3,3,4'h,2,2,,,,,,,,
,,,,SUBS.16,Arithmetic instruction,Rd,Rn,Rm,0,0,1,1,0,0,1,1,,Rn,Rn,Rn,Rn,Rd,Rd,Rd,Rd,Rm,Rm,Rm,Rm,SUBS.16,4'h3,4'h3,"CPNUM[1], CPINST[11:8]","CPNUM[0],CPINST[3:0]","CPNUM[2],CPINST[7:4]",,,SUBS.16,CDP,4'h6,3'h3,"CPNUM[1], CRn[3:0]","CPNUM[0], CRm[3:0]","CPNUM[2],CRd[3:0]",,,6,6,3,3,,4'h,3,3,4'h,3,3,,,,,,,,
,,,,ADC.16,Arithmetic instruction,Rd,Rn,Rm,0,0,1,1,0,1,0,0,,Rn,Rn,Rn,Rn,Rd,Rd,Rd,Rd,Rm,Rm,Rm,Rm,ADC.16,4'h3,4'h4,"CPNUM[1], CPINST[11:8]","CPNUM[0],CPINST[3:0]","CPNUM[2],CPINST[7:4]",,,ADC.16,CDP,4'h6,3'h4,"CPNUM[1], CRn[3:0]","CPNUM[0], CRm[3:0]","CPNUM[2],CRd[3:0]",,,6,6,4,4,,4'h,3,3,4'h,4,4,,,,,,,,
,,,,SBC.16,Arithmetic instruction,Rd,Rn,Rm,0,0,1,1,0,1,0,1,,Rn,Rn,Rn,Rn,Rd,Rd,Rd,Rd,Rm,Rm,Rm,Rm,SBC.16,4'h3,4'h5,"CPNUM[1], CPINST[11:8]","CPNUM[0],CPINST[3:0]","CPNUM[2],CPINST[7:4]",,,SBC.16,CDP,4'h6,3'h5,"CPNUM[1], CRn[3:0]","CPNUM[0], CRm[3:0]","CPNUM[2],CRd[3:0]",,,6,6,5,5,,4'h,3,3,4'h,5,5,,,,,,,,
,,,,ADCS.16,Arithmetic instruction,Rd,Rn,Rm,0,0,1,1,0,1,1,0,,Rn,Rn,Rn,Rn,Rd,Rd,Rd,Rd,Rm,Rm,Rm,Rm,ADCS.16,4'h3,4'h6,"CPNUM[1], CPINST[11:8]","CPNUM[0],CPINST[3:0]","CPNUM[2],CPINST[7:4]",,,ADCS.16,CDP,4'h6,3'h6,"CPNUM[1], CRn[3:0]","CPNUM[0], CRm[3:0]","CPNUM[2],CRd[3:0]",,,6,6,6,6,,4'h,3,3,4'h,6,6,,,,,,,,
,,,,SBCS.16,Arithmetic instruction,Rd,Rn,Rm,0,0,1,1,0,1,1,1,,Rn,Rn,Rn,Rn,Rd,Rd,Rd,Rd,Rm,Rm,Rm,Rm,SBCS.16,4'h3,4'h7,"CPNUM[1], CPINST[11:8]","CPNUM[0],CPINST[3:0]","CPNUM[2],CPINST[7:4]",,,SBCS.16,CDP,4'h6,3'h7,"CPNUM[1], CRn[3:0]","CPNUM[0], CRm[3:0]","CPNUM[2],CRd[3:0]",,,6,6,7,7,,4'h,3,3,4'h,7,7,,,,,,,,
,,,,UMAX.16,Arithmetic instruction,Rd,Rn,Rm,0,0,1,1,1,0,0,0,,Rn,Rn,Rn,Rn,Rd,Rd,Rd,Rd,Rm,Rm,Rm,Rm,UMAX.16,4'h3,4'h8,"CPNUM[1], CPINST[11:8]","CPNUM[0],CPINST[3:0]","CPNUM[2],CPINST[7:4]",,,UMAX.16,CDP,4'h7,3'h0,"CPNUM[1], CRn[3:0]","CPNUM[0], CRm[3:0]","CPNUM[2],CRd[3:0]",,,7,7,0,0,,4'h,3,3,4'h,8,8,,,,,,,,
,,,,SMAX.16,Arithmetic instruction,Rd,Rn,Rm,0,0,1,1,1,0,0,1,,Rn,Rn,Rn,Rn,Rd,Rd,Rd,Rd,Rm,Rm,Rm,Rm,SMAX.16,4'h3,4'h9,"CPNUM[1], CPINST[11:8]","CPNUM[0],CPINST[3:0]","CPNUM[2],CPINST[7:4]",,,SMAX.16,CDP,4'h7,3'h1,"CPNUM[1], CRn[3:0]","CPNUM[0], CRm[3:0]","CPNUM[2],CRd[3:0]",,,7,7,1,1,,4'h,3,3,4'h,9,9,,,,,,,,
,,,,UMIN.16,Arithmetic instruction,Rd,Rn,Rm,0,0,1,1,1,0,1,0,,Rn,Rn,Rn,Rn,Rd,Rd,Rd,Rd,Rm,Rm,Rm,Rm,UMIN.16,4'h3,4'hA,"CPNUM[1], CPINST[11:8]","CPNUM[0],CPINST[3:0]","CPNUM[2],CPINST[7:4]",,,UMIN.16,CDP,4'h7,3'h2,"CPNUM[1], CRn[3:0]","CPNUM[0], CRm[3:0]","CPNUM[2],CRd[3:0]",,,7,7,2,2,,4'h,3,3,4'h,10,A,,,,,,,,
,,,,SMIN.16,Arithmetic instruction,Rd,Rn,Rm,0,0,1,1,1,0,1,1,,Rn,Rn,Rn,Rn,Rd,Rd,Rd,Rd,Rm,Rm,Rm,Rm,SMIN.16,4'h3,4'hB,"CPNUM[1], CPINST[11:8]","CPNUM[0],CPINST[3:0]","CPNUM[2],CPINST[7:4]",,,SMIN.16,CDP,4'h7,3'h3,"CPNUM[1], CRn[3:0]","CPNUM[0], CRm[3:0]","CPNUM[2],CRd[3:0]",,,7,7,3,3,,4'h,3,3,4'h,11,B,,,,,,,,
,,,,UMMUL.16,Multiply instruction,Rd,Rn,Rm,0,0,1,1,1,1,0,0,,Rn,Rn,Rn,Rn,Rd,Rd,Rd,Rd,Rm,Rm,Rm,Rm,UMMUL.16,4'h3,4'hC,"CPNUM[1], CPINST[11:8]","CPNUM[0],CPINST[3:0]","CPNUM[2],CPINST[7:4]",,,UMMUL.16,CDP,4'h7,3'h4,"CPNUM[1], CRn[3:0]","CPNUM[0], CRm[3:0]","CPNUM[2],CRd[3:0]",,,7,7,4,4,,4'h,3,3,4'h,12,C,,,,,,,,
,,,,SMMUL.16,Multiply instruction,Rd,Rn,Rm,0,0,1,1,1,1,0,1,,Rn,Rn,Rn,Rn,Rd,Rd,Rd,Rd,Rm,Rm,Rm,Rm,SMMUL.16,4'h3,4'hD,"CPNUM[1], CPINST[11:8]","CPNUM[0],CPINST[3:0]","CPNUM[2],CPINST[7:4]",,,SMMUL.16,CDP,4'h7,3'h5,"CPNUM[1], CRn[3:0]","CPNUM[0], CRm[3:0]","CPNUM[2],CRd[3:0]",,,7,7,5,5,,4'h,3,3,4'h,13,D,,,,,,,,
,,,,UMUL.16,Multiply instruction,Rd,Rn,Rm,0,0,1,1,1,1,1,0,,Rn,Rn,Rn,Rn,Rd,Rd,Rd,Rd,Rm,Rm,Rm,Rm,UMUL.16,4'h3,4'hE,"CPNUM[1], CPINST[11:8]","CPNUM[0],CPINST[3:0]","CPNUM[2],CPINST[7:4]",,,UMUL.16,CDP,4'h7,3'h6,"CPNUM[1], CRn[3:0]","CPNUM[0], CRm[3:0]","CPNUM[2],CRd[3:0]",,,7,7,6,6,,4'h,3,3,4'h,14,E,,,,,,,,
,,,,SMUL.16,Multiply instruction,Rd,Rn,Rm,0,0,1,1,1,1,1,1,,Rn,Rn,Rn,Rn,Rd,Rd,Rd,Rd,Rm,Rm,Rm,Rm,SMUL.16,4'h3,4'hF,"CPNUM[1], CPINST[11:8]","CPNUM[0],CPINST[3:0]","CPNUM[2],CPINST[7:4]",,,SMUL.16,CDP,4'h7,3'h7,"CPNUM[1], CRn[3:0]","CPNUM[0], CRm[3:0]","CPNUM[2],CRd[3:0]",,,7,7,7,7,,4'h,3,3,4'h,15,F,,,,,,,,
Operand width,16,N/A,16,,,,,,,,,,,,,,,,,,,,,,,,,,,,CPINST[20:16],CPINST[15:13],,,,,,,,,,,,,,,,,,,,,,,,,,,,,,,,,
,,,,EXP2.16,Special function instruction,Rd,Rn,Rm,0,1,0,0,0,0,0,0,,Rn,Rn,Rn,Rn,Rd,Rd,Rd,Rd,imm3,imm2,imm1,imm0,EXP2.16,5'h8,3'h0,"CPNUM[1], CPINST[11:8]",,"CPNUM[2],CPINST[7:4]",CPINST[3:0],,EXP2.16,CDP,4'h8,3'h0,"CPNUM[1], CRn[3:0]",,"CPNUM[2],CRd[3:0]",Imm4[3:0]=CRm[3:0],,8,8,0,0,,5'h,8,8,3'h,0,0,,,,,,,,
,,,,LOG2.16,Special function instruction,Rd,Rn,Rm,0,1,0,0,0,0,0,1,,Rn,Rn,Rn,Rn,Rd,Rd,Rd,Rd,imm3,imm2,imm1,imm0,LOG2.16,5'h8,3'h1,"CPNUM[1], CPINST[11:8]",,"CPNUM[2],CPINST[7:4]",CPINST[3:0],,LOG2.16,CDP,4'h8,3'h1,"CPNUM[1], CRn[3:0]",,"CPNUM[2],CRd[3:0]",Imm4[3:0]=CRm[3:0],,8,8,1,1,,5'h,8,8,3'h,1,1,,,,,,,,
,,,,RCP.16,Special function instruction,Rd,Rn,Rm,0,1,0,0,0,0,1,0,,Rn,Rn,Rn,Rn,Rd,Rd,Rd,Rd,imm3,imm2,imm1,imm0,RCP.16,5'h8,3'h2,"CPNUM[1], CPINST[11:8]",,"CPNUM[2],CPINST[7:4]",CPINST[3:0],,RCP.16,CDP,4'h8,3'h2,"CPNUM[1], CRn[3:0]",,"CPNUM[2],CRd[3:0]",Imm4[3:0]=CRm[3:0],,8,8,2,2,,5'h,8,8,3'h,2,2,,,,,,,,
,,,,RSQRT.16,Special function instruction,Rd,Rn,Rm,0,1,0,0,0,0,1,1,,Rn,Rn,Rn,Rn,Rd,Rd,Rd,Rd,imm3,imm2,imm1,imm0,RSQRT.16,5'h8,3'h3,"CPNUM[1], CPINST[11:8]",,"CPNUM[2],CPINST[7:4]",CPINST[3:0],,RSQRT.16,CDP,4'h8,3'h3,"CPNUM[1], CRn[3:0]",,"CPNUM[2],CRd[3:0]",Imm4[3:0]=CRm[3:0],,8,8,3,3,,5'h,8,8,3'h,3,3,,,,,,,,
Operand width,16,N/A,16,,,,,,,,,,,,,,,,,,,,,,,,,,,,CPINST[20:16],CPINST[15:13],,,,,,,,,,,,,,,,,,,,,,,,,,,,,,,,,
,,,,ASR.16,Shift instruction,Rd,Rn,Rm,0,1,0,0,1,0,0,0,,Rn,Rn,Rn,Rn,Rd,Rd,Rd,Rd,imm3,imm2,imm1,imm0,ASR.16,5'h9,3'h0,"CPNUM[1], CPINST[11:8]",,"CPNUM[2],CPINST[7:4]",CPINST[3:0],,ASR.16,CDP,4'h9,3'h0,"CPNUM[1], CRn[3:0]",,"CPNUM[2],CRd[3:0]",Imm4[3:0]=CRm[3:0],,9,9,0,0,,5'h,9,9,3'h,0,0,,,,,,,,
,,,,LSR.16,Shift instruction,Rd,Rn,Rm,0,1,0,0,1,0,0,1,,Rn,Rn,Rn,Rn,Rd,Rd,Rd,Rd,imm3,imm2,imm1,imm0,LSR.16,5'h9,3'h1,"CPNUM[1], CPINST[11:8]",,"CPNUM[2],CPINST[7:4]",CPINST[3:0],,LSR.16,CDP,4'h9,3'h1,"CPNUM[1], CRn[3:0]",,"CPNUM[2],CRd[3:0]",Imm4[3:0]=CRm[3:0],,9,9,1,1,,5'h,9,9,3'h,1,1,,,,,,,,
,,,,LSL.16,Shift instruction,Rd,Rn,Rm,0,1,0,0,1,0,1,0,,Rn,Rn,Rn,Rn,Rd,Rd,Rd,Rd,imm3,imm2,imm1,imm0,LSL.16,5'h9,3'h2,"CPNUM[1], CPINST[11:8]",,"CPNUM[2],CPINST[7:4]",CPINST[3:0],,LSL.16,CDP,4'h9,3'h2,"CPNUM[1], CRn[3:0]",,"CPNUM[2],CRd[3:0]",Imm4[3:0]=CRm[3:0],,9,9,2,2,,5'h,9,9,3'h,2,2,,,,,,,,
,,,,ROL.16,Shift instruction,Rd,Rn,Rm,0,1,0,0,1,0,1,1,,Rn,Rn,Rn,Rn,Rd,Rd,Rd,Rd,imm3,imm2,imm1,imm0,ROL.16,5'h9,3'h3,"CPNUM[1], CPINST[11:8]",,"CPNUM[2],CPINST[7:4]",CPINST[3:0],,ROL.16,CDP,4'h9,3'h3,"CPNUM[1], CRn[3:0]",,"CPNUM[2],CRd[3:0]",Imm4[3:0]=CRm[3:0],,9,9,3,3,,5'h,9,9,3'h,3,3,,,,,,,,
,,,,MOV.16,Move and format instruction,Rd,Rn,Rm,0,1,0,0,1,1,0,0,,Rn,Rn,Rn,Rn,Rd,Rd,Rd,Rd,,,,,MOV.16,5'h9,3'h4,"CPNUM[1], CPINST[11:8]",,"CPNUM[2],CPINST[7:4]",,,MOV.16,CDP,4'h9,3'h4,"CPNUM[1], CRn[3:0]",,"CPNUM[2],CRd[3:0]",,,9,9,4,4,,5'h,9,9,3'h,4,4,,,,,,,,
,,,,,,,,,,,,,,,,,,,,,,,,,,,,,,,,,,,,,,,,,,,,,,,,,,,,,,,,,,,,,,,,,
Operand width,8,8,16,,,,,,,,,,,,,,,,,,,,,,,,,,,,CPINST[20:14],CPINST[13],,,,,,,,,,,,,,,,,,,,,,,,,,,,,,,,,
,,,,UMUL.8,Multiply instruction,Rd,Rn,Rm,0,1,0,1,0,0,0,0,,Rn,Rn,Rn,Rn,Rd,Rd,Rd,Rd,Rm,Rm,Rm,Rm,UMUL.8,7'h28,1'h0,"CPNUM[1], CPINST[11:8]","CPNUM[0],CPINST[3:0]","CPNUM[2],CPINST[7:4]",,,UMUL.8,CDP,4'hA,3'h0,"CPNUM[1], CRn[3:0]","CPNUM[0], CRm[3:0]","CPNUM[2],CRd[3:0]",,,10,A,0,0,,7'h,40,28,1'h,0,0,,,,,,,,
,,,,SMUL.8,Multiply instruction,Rd,Rn,Rm,0,1,0,1,0,0,0,1,,Rn,Rn,Rn,Rn,Rd,Rd,Rd,Rd,Rm,Rm,Rm,Rm,SMUL.8,7'h28,1'h1,"CPNUM[1], CPINST[11:8]","CPNUM[0],CPINST[3:0]","CPNUM[2],CPINST[7:4]",,,SMUL.8,CDP,4'hA,3'h1,"CPNUM[1], CRn[3:0]","CPNUM[0], CRm[3:0]","CPNUM[2],CRd[3:0]",,,10,A,1,1,,7'h,40,28,1'h,1,1,,,,,,,,
Operand width,16,8,N/A,,,,,,,,,,,,,,,,,,,,,,,,,,,,CPINST[20:14],CPINST[13],,,,,,,,,,,,,,,,,,,,,,,,,,,,,,,,,
,,,,UMLA.16.8,Accumulator instruction,Rd,Rn,Rm,0,1,0,1,0,0,1,0,,Rn,Rn,Rn,Rn,,,,,Rm,Rm,Rm,Rm,UMLA.16.8,7'h29,1'h0,"CPNUM[1], CPINST[11:8]","CPNUM[0],CPINST[3:0]",,,,UMLA.16.8,CDP,4'hA,3'h2,"CPNUM[1], CRn[3:0]","CPNUM[0], CRm[3:0]",,,,10,A,2,2,,7'h,41,29,1'h,0,0,,,,,,,,
,,,,SMLA.16.8,Accumulator instruction,Rd,Rn,Rm,0,1,0,1,0,0,1,1,,Rn,Rn,Rn,Rn,,,,,Rm,Rm,Rm,Rm,SMLA.16.8,7'h29,1'h1,"CPNUM[1], CPINST[11:8]","CPNUM[0],CPINST[3:0]",,,,SMLA.16.8,CDP,4'hA,3'h3,"CPNUM[1], CRn[3:0]","CPNUM[0], CRm[3:0]",,,,10,A,3,3,,7'h,41,29,1'h,1,1,,,,,,,,
Operand width,8,,,,,,,,,,,,,,,,,,,,,,,,,,,,,,CPINST[19:14],CPINST[13],,,,,,,,,,,,,,,,,,,,,,,,,,,,,,,,,
,,,,MOVACC.8,Accumulator instruction,Rd,Rn,Rd,0,1,0,1,0,1,0,0,,Rn,Rn,Rn,Rn,,,,,,,sel1,sel0,MOVACC.8,7'h2A,1'h0,"CPNUM[1], CPINST[11:8]",,,CPINST[1:0],,MOVACC.8,CDP,4'hA,3'h4,"CPNUM[1], CRn[3:0]",,,WordSelect[1:0]=CRm[1:0],,10,A,4,4,,7'h,42,2A,1'h,0,0,,,,,,,,
,,,,ADDACC.8,Accumulator instruction,Rd,Rn,Rd,0,1,0,1,0,1,0,1,,Rn,Rn,Rn,Rn,,,,,,,sel1,sel0,ADDACC.8,7'h2A,1'h1,"CPNUM[1], CPINST[11:8]",,,CPINST[1:0],,ADDACC.8,CDP,4'hA,3'h5,"CPNUM[1], CRn[3:0]",,,WordSelect[1:0]=CRm[1:0],,10,A,5,5,,7'h,42,2A,1'h,1,1,,,,,,,,
Operand width,16,,,,,,,,,,,,,,,,,,,,,,,,,,,,,,CPINST[20:14],CPINST[13],,,,,,,,,,,,,,,,,,,,,,,,,,,,,,,,,
,,,,MOVACC.16,Accumulator instruction,Rd,Rn,Rd,0,1,0,1,0,1,1,0,,Rn,Rn,Rn,Rn,,,,,,,,sel0,MOVACC.16,7'h2B,1'h0,"CPNUM[1], CPINST[11:8]",,,CPINST[0],,MOVACC.16,CDP,4'hA,3'h6,"CPNUM[1], CRn[3:0]",,,ByteSelect[0]=CRm[0],,10,A,6,6,,7'h,43,2B,1'h,0,0,,,,,,,,
,,,,ADDACC.16,Accumulator instruction,Rd,Rn,Rd,0,1,0,1,0,1,1,1,,Rn,Rn,Rn,Rn,,,,,,,,sel0,ADDACC.16,7'h2B,1'h1,"CPNUM[1], CPINST[11:8]",,,CPINST[0],,ADDACC.16,CDP,4'hA,3'h7,"CPNUM[1], CRn[3:0]",,,ByteSelect[0]=CRm[0],,10,A,7,7,,7'h,43,2B,1'h,1,1,,,,,,,,
Operand width,,,8,,,,,,,,,,,,,,,,,,,,,,,,,,,,CPINST[20:14],CPINST[13],,,,,,,,,,,,,,,,,,,,,,,,,,,,,,,,,
,,,,MOVREG.8,Accumulator instruction,Rd,Rd,Rd,0,1,0,1,1,0,0,0,,,,,,Rd,Rd,Rd,Rd,,,sel1,sel0,MOVREG.8,7'h2C,1'h0,,,"CPNUM[2],CPINST[7:4]",CPINST[1:0],,MOVREG.8,CDP,4'hB,3'h0,,,"CPNUM[2],CRd[3:0]",WordSelect[1:0]=CRm[1:0],,11,B,0,0,,7'h,44,2C,1'h,0,0,,,,,,,,
,,,,MOVREGSAT.8,Accumulator instruction,Rd,Rd,Rd,0,1,0,1,1,0,0,1,,,,,,Rd,Rd,Rd,Rd,,,sel1,sel0,MOVREGSAT.8,7'h2C,1'h1,,,"CPNUM[2],CPINST[7:4]",CPINST[1:0],,MOVREGSAT.8,CDP,4'hB,3'h1,,,"CPNUM[2],CRd[3:0]",WordSelect[1:0]=CRm[1:0],,11,B,1,1,,7'h,44,2C,1'h,1,1,,,,,,,,
Operand width,,,16,,,,,,,,,,,,,,,,,,,,,,,,,,,,CPINST[20:14],CPINST[13],,,,,,,,,,,,,,,,,,,,,,,,,,,,,,,,,
,,,,MOVREG.16,Accumulator instruction,Rd,Rd,Rd,0,1,0,1,1,0,1,0,,,,,,Rd,Rd,Rd,Rd,,,,sel0,MOVREG.16,7'h2D,1'h0,,,"CPNUM[2],CPINST[7:4]",CPINST[0],,MOVREG.16,CDP,4'hB,3'h2,,,"CPNUM[2],CRd[3:0]",ByteSelect[0]=CRm[0],,11,B,2,2,,7'h,45,2D,1'h,0,0,,,,,,,,
,,,,MOVREGSAT.16,Accumulator instruction,Rd,Rd,Rd,0,1,0,1,1,0,1,1,,,,,,Rd,Rd,Rd,Rd,,,,sel0,MOVREGSAT.16,7'h2D,1'h1,,,"CPNUM[2],CPINST[7:4]",CPINST[0],,MOVREGSAT.16,CDP,4'hB,3'h3,,,"CPNUM[2],CRd[3:0]",ByteSelect[0]=CRm[0],,11,B,3,3,,7'h,45,2D,1'h,1,1,,,,,,,,
Operand width,8,8,,,,,,,,,,,,,,,,,,,,,,,,,,,,,CPINST[20:15],CPINST[14:13],,,,,,,,,,,,,,,,,,,,,,,,,,,,,,,,,
,,,,CMP.8,Arithmetic instruction,Rd,Rn,Rm,0,1,0,1,1,1,0,0,,Rn,Rn,Rn,Rn,,,,,Rm,Rm,Rm,Rm,CMP.8,6'h17,2'h0,"CPNUM[1], CPINST[11:8]","CPNUM[0],CPINST[3:0]",,,,CMP.8,CDP,4'hB,3'h4,"CPNUM[1], CRn[3:0]","CPNUM[0], CRm[3:0]",,,,11,B,4,4,,6'h,23,17,2'h,0,0,,,,,,,,
,,,,UMLA.8,Accumulator instruction,Rd,Rn,Rm,0,1,0,1,1,1,0,1,,Rn,Rn,Rn,Rn,,,,,Rm,Rm,Rm,Rm,UMLA.8,6'h17,2'h1,"CPNUM[1], CPINST[11:8]","CPNUM[0],CPINST[3:0]",,,,UMLA.8,CDP,4'hB,3'h5,"CPNUM[1], CRn[3:0]","CPNUM[0], CRm[3:0]",,,,11,B,5,5,,6'h,23,17,2'h,1,1,,,,,,,,
,,,,SMLA.8,Accumulator instruction,Rd,Rn,Rm,0,1,0,1,1,1,1,0,,Rn,Rn,Rn,Rn,,,,,Rm,Rm,Rm,Rm,SMLA.8,6'h17,2'h2,"CPNUM[1], CPINST[11:8]","CPNUM[0],CPINST[3:0]",,,,SMLA.8,CDP,4'hB,3'h6,"CPNUM[1], CRn[3:0]","CPNUM[0], CRm[3:0]",,,,11,B,6,6,,6'h,23,17,2'h,2,2,,,,,,,,
Operand width,16,16,,,,,,,,,,,,,,,,,,,,,,,,,,,,,CPINST[20:15],CPINST[14:13],,,,,,,,,,,,,,,,,,,,,,,,,,,,,,,,,
,,,,CMP.16,Arithmetic instruction,Rd,Rn,Rm,0,1,1,0,0,0,0,0,,Rn,Rn,Rn,Rn,,,,,Rm,Rm,Rm,Rm,CMP.16,6'h18,2'h0,"CPNUM[1], CPINST[11:8]","CPNUM[0],CPINST[3:0]",,,,CMP.16,CDP,4'hC,3'h0,"CPNUM[1], CRn[3:0]","CPNUM[0], CRm[3:0]",,,,12,C,0,0,,6'h,24,18,2'h,0,0,,,,,,,,
,,,,UMLA.16,Accumulator instruction,Rd,Rn,Rm,0,1,1,0,0,0,0,1,,Rn,Rn,Rn,Rn,,,,,Rm,Rm,Rm,Rm,UMLA.16,6'h18,2'h1,"CPNUM[1], CPINST[11:8]","CPNUM[0],CPINST[3:0]",,,,UMLA.16,CDP,4'hC,3'h1,"CPNUM[1], CRn[3:0]","CPNUM[0], CRm[3:0]",,,,12,C,1,1,,6'h,24,18,2'h,1,1,,,,,,,,
,,,,SMLA.16,Accumulator instruction,Rd,Rn,Rm,0,1,1,0,0,0,1,0,,Rn,Rn,Rn,Rn,,,,,Rm,Rm,Rm,Rm,SMLA.16,6'h18,2'h2,"CPNUM[1], CPINST[11:8]","CPNUM[0],CPINST[3:0]",,,,SMLA.16,CDP,4'hC,3'h2,"CPNUM[1], CRn[3:0]","CPNUM[0], CRm[3:0]",,,,12,C,2,2,,6'h,24,18,2'h,2,2,,,,,,,,
Operand width,,,,,,,,,,,,,,,,,,,,,,,,,,,,,,,CPINST[20:15],CPINST[14:13],,,,,,,,,,,,,,,,,,,,,,,,,,,,,,,,,
,,,,ASR8ACC,Accumulator instruction,Rd,Rd,Rd,0,1,1,0,0,1,0,0,,Rd,Rd,Rd,Rd,Rd,Rd,Rd,Rd,Rd,Rd,Rd,Rd,ASR8ACC,6'h19,2'h0,,,,,,ASR8ACC,CDP,4'hC,3'h4,,,,,,12,C,4,4,,6'h,25,19,2'h,0,0,,,,,,,,
,,,,ASR16ACC,Accumulator instruction,Rd,Rd,Rd,0,1,1,0,0,1,0,1,,Rd,Rd,Rd,Rd,Rd,Rd,Rd,Rd,Rd,Rd,Rd,Rd,ASR16ACC,6'h19,2'h1,,,,,,ASR16ACC,CDP,4'hC,3'h5,,,,,,12,C,5,5,,6'h,25,19,2'h,1,1,,,,,,,,
,,,,LSR8ACC,Accumulator instruction,Rd,Rd,Rd,0,1,1,0,0,1,1,0,,Rd,Rd,Rd,Rd,Rd,Rd,Rd,Rd,Rd,Rd,Rd,Rd,LSR8ACC,6'h19,2'h2,,,,,,LSR8ACC,CDP,4'hC,3'h6,,,,,,12,C,6,6,,6'h,25,19,2'h,2,2,,,,,,,,
,,,,LSR16ACC,Accumulator instruction,Rd,Rd,Rd,0,1,1,0,0,1,1,1,,Rd,Rd,Rd,Rd,Rd,Rd,Rd,Rd,Rd,Rd,Rd,Rd,LSR16ACC,6'h19,2'h3,,,,,,LSR16ACC,CDP,4'hC,3'h7,,,,,,12,C,7,7,,6'h,25,19,2'h,3,3,,,,,,,,
Operand width,16,16,32,,,,,,,,,,,,,,,,,,,,,,,,,,,,CPINST[20:15],CPINST[14:13],,,,,,,,,,,,,,,,,,,,,,,,,,,,,,,,,
,,,,UMULL.16,Multiply instruction,Rd,Rn,Rm,0,1,1,0,1,0,0,0,,Rn,Rn,Rn,Rn,Rd,Rd,Rd,Rd,Rm,Rm,Rm,Rm,UMULL.16,6'h1A,2'h0,"CPNUM[1], CPINST[11:8]","CPNUM[0],CPINST[3:0]","CPNUM[2],CPINST[7:4]",,,UMULL.16,CDP,4'hD,3'h0,"CPNUM[1], CRn[3:0]","CPNUM[0], CRm[3:0]","CPNUM[2],CRd[3:0]",,,13,D,0,0,,6'h,26,1A,2'h,0,0,,,,,,,,
,,,,SMULL.16,Multiply instruction,Rd,Rn,Rm,0,1,1,0,1,0,0,1,,Rn,Rn,Rn,Rn,Rd,Rd,Rd,Rd,Rm,Rm,Rm,Rm,SMULL.16,6'h1A,2'h1,"CPNUM[1], CPINST[11:8]","CPNUM[0],CPINST[3:0]","CPNUM[2],CPINST[7:4]",,,SMULL.16,CDP,4'hD,3'h1,"CPNUM[1], CRn[3:0]","CPNUM[0], CRm[3:0]","CPNUM[2],CRd[3:0]",,,13,D,1,1,,6'h,26,1A,2'h,1,1,,,,,,,,
,,,,SUMULL.16,Multiply instruction,Rd,Rn,Rm,0,1,1,0,1,0,1,0,,Rn,Rn,Rn,Rn,Rd,Rd,Rd,Rd,Rm,Rm,Rm,Rm,SUMULL.16,6'h1A,2'h2,"CPNUM[1], CPINST[11:8]","CPNUM[0],CPINST[3:0]","CPNUM[2],CPINST[7:4]",,,SUMULL.16,CDP,4'hD,3'h2,"CPNUM[1], CRn[3:0]","CPNUM[0], CRm[3:0]","CPNUM[2],CRd[3:0]",,,13,D,2,2,,6'h,26,1A,2'h,2,2,,,,,,,,
Operand width,16,8,16,,,,,,,,,,,,,,,,,,,,,,,,,,,,CPINST[20:16],CPINST[15:13],,,,,,,,,,,,,,,,,,,,,,,,,,,,,,,,,
,,,,UMMUL.16.8,Multiply instruction,Rd,Rn,Rm,0,1,1,1,0,0,0,0,,Rn,Rn,Rn,Rn,Rd,Rd,Rd,Rd,Rm,Rm,Rm,Rm,UMMUL.16.8,5'hE,3'h0,"CPNUM[1], CPINST[11:8]","CPNUM[0],CPINST[3:0]","CPNUM[2],CPINST[7:4]",,,UMMUL.16.8,CDP,4'hE,3'h0,"CPNUM[1], CRn[3:0]","CPNUM[0], CRm[3:0]","CPNUM[2],CRd[3:0]",,,14,E,0,0,,5'h,14,E,3'h,0,0,,,,,,,,
,,,,SMMUL.16.8,Multiply instruction,Rd,Rn,Rm,0,1,1,1,0,0,0,1,,Rn,Rn,Rn,Rn,Rd,Rd,Rd,Rd,Rm,Rm,Rm,Rm,SMMUL.16.8,5'hE,3'h1,"CPNUM[1], CPINST[11:8]","CPNUM[0],CPINST[3:0]","CPNUM[2],CPINST[7:4]",,,SMMUL.16.8,CDP,4'hE,3'h1,"CPNUM[1], CRn[3:0]","CPNUM[0], CRm[3:0]","CPNUM[2],CRd[3:0]",,,14,E,1,1,,5'h,14,E,3'h,1,1,,,,,,,,
,,,,ASRR.16,Shift instruction,Rd,Rn,Rm,0,1,1,1,0,0,1,0,,Rn,Rn,Rn,Rn,Rd,Rd,Rd,Rd,Rm,Rm,Rm,Rm,ASRR.16,5'hE,3'h2,"CPNUM[1], CPINST[11:8]","CPNUM[0],CPINST[3:0]","CPNUM[2],CPINST[7:4]",,,ASRR.16,CDP,4'hE,3'h2,"CPNUM[1], CRn[3:0]","CPNUM[0], CRm[3:0]","CPNUM[2],CRd[3:0]",,,14,E,2,2,,5'h,14,E,3'h,2,2,,,,,,,,
,,,,LSRR.16,Shift instruction,Rd,Rn,Rm,0,1,1,1,0,0,1,1,,Rn,Rn,Rn,Rn,Rd,Rd,Rd,Rd,Rm,Rm,Rm,Rm,LSRR.16,5'hE,3'h3,"CPNUM[1], CPINST[11:8]","CPNUM[0],CPINST[3:0]","CPNUM[2],CPINST[7:4]",,,LSRR.16,CDP,4'hE,3'h3,"CPNUM[1], CRn[3:0]","CPNUM[0], CRm[3:0]","CPNUM[2],CRd[3:0]",,,14,E,3,3,,5'h,14,E,3'h,3,3,,,,,,,,
,,,,LSLR.16,Shift instruction,Rd,Rn,Rm,0,1,1,1,0,1,0,0,,Rn,Rn,Rn,Rn,Rd,Rd,Rd,Rd,Rm,Rm,Rm,Rm,LSLR.16,5'hE,3'h4,"CPNUM[1], CPINST[11:8]","CPNUM[0],CPINST[3:0]","CPNUM[2],CPINST[7:4]",,,LSLR.16,CDP,4'hE,3'h4,"CPNUM[1], CRn[3:0]","CPNUM[0], CRm[3:0]","CPNUM[2],CRd[3:0]",,,14,E,4,4,,5'h,14,E,3'h,4,4,,,,,,,,
,,,,ROLR.16,Shift instruction,Rd,Rn,Rm,0,1,1,1,0,1,0,1,,Rn,Rn,Rn,Rn,Rd,Rd,Rd,Rd,Rm,Rm,Rm,Rm,ROLR.16,5'hE,3'h5,"CPNUM[1], CPINST[11:8]","CPNUM[0],CPINST[3:0]","CPNUM[2],CPINST[7:4]",,,ROLR.16,CDP,4'hE,3'h5,"CPNUM[1], CRn[3:0]","CPNUM[0], CRm[3:0]","CPNUM[2],CRd[3:0]",,,14,E,5,5,,5'h,14,E,3'h,5,5,,,,,,,,
Operand width,16,16,16,,,,,,,,,,,,,,,,,,,,,,,,,,,,,,,,,,,,,,,,,,,,,,,,,,,,,,,,,,,,,,
,,,,SUMMUL.16,Multiply instruction,Rd,Rn,Rm,0,1,1,1,1,0,0,0,,Rn,Rn,Rn,Rn,Rd,Rd,Rd,Rd,Rm,Rm,Rm,Rm,SUMMUL.16,4'h7,4'h8,"CPNUM[1], CPINST[11:8]","CPNUM[0],CPINST[3:0]","CPNUM[2],CPINST[7:4]",,,SUMMUL.16,CDP,4'hF,3'h0,"CPNUM[1], CRn[3:0]","CPNUM[0], CRm[3:0]","CPNUM[2],CRd[3:0]",,,15,F,0,0,,4'h,7,7,4'h,8,8,,,,,,,,
Operand width,8,8,8,,,,,,,,,,,,,,,,,,,,,,,,,,,,CPINST[20:18],CPINST[17],,,,,,,,,,,,,,,,,,,,,,,,,,,,,,,,,
,,,,CSEL.8,Arithmetic instruction,Rd,Rn,Rm,1,0,0,0,cond3,cond2,cond1,cond0,,Rn,Rn,Rn,Rn,Rd,Rd,Rd,Rd,Rm,Rm,Rm,Rm,CSEL.8,3'h4,1'h0,"CPNUM[1], CPINST[11:8]","CPNUM[0],CPINST[3:0]","CPNUM[2],CPINST[7:4]",cond[3:0]=CPINST[16:13],,CSEL.8,CDP2,"3'h0, cond[3]",cond[2:0],"CPNUM[1], CRn[3:0]","CPNUM[0], CRm[3:0]","CPNUM[2],CRd[3:0]",,,,,,,,3'h,0,0,1'h,0,0,,,,,,,,
,,,,SWZ.8,Move and format instruction,Rd,Rn,Rm,1,0,0,1,swzsel,swzsel,swzsel,swzsel,,Rn,Rn,Rn,Rn,Rd,Rd,Rd,Rd,Rm,Rm,Rm,Rm,SWZ.8,3'h4,1'h1,"CPNUM[1], CPINST[11:8]","CPNUM[0],CPINST[3:0]","CPNUM[2],CPINST[7:4]",swzse[3:0]=CPINST[16:13],,SWZ.8,CDP2,"3'h1, swzsel[3]",swzsel[2:0],"CPNUM[1], CRn[3:0]","CPNUM[0], CRm[3:0]","CPNUM[2],CRd[3:0]",,,,,,,,3'h,0,0,1'h,1,1,,,,,,,,
Operand width,16,16,16,,,,,,,,,,,,,,,,,,,,,,,,,,,,CPINST[20:18],CPINST[17],,,,,,,,,,,,,,,,,,,,,,,,,,,,,,,,,
,,,,CSEL.16,Arithmetic instruction,Rd,Rn,Rm,1,0,1,0,cond3,cond2,cond1,cond0,,Rn,Rn,Rn,Rn,Rd,Rd,Rd,Rd,Rm,Rm,Rm,Rm,CSEL.16,3'h5,1'h0,"CPNUM[1], CPINST[11:8]","CPNUM[0],CPINST[3:0]","CPNUM[2],CPINST[7:4]",cond[3:0]=CPINST[16:13],,CSEL.16,CDP2,"3'h2, cond[3]",cond[2:0],"CPNUM[1], CRn[3:0]","CPNUM[0], CRm[3:0]","CPNUM[2],CRd[3:0]",,,,,,,,3'h,1,1,1'h,0,0,,,,,,,,
Operand width,8,8,16,,,,,,,,,,,,,,,,,,,,,,,,,,,,,,,,,,,,,,,,,,,,,,,,,,,,,,,,,,,,,,
,,,,SWZ.8.ZEXT.16,Move and format instruction,Rd,Rn,Rm,1,0,1,1,swzsel,swzsel,swzsel,swzsel,,Rn,Rn,Rn,Rn,Rd,Rd,Rd,Rd,Rm,Rm,Rm,Rm,SWZ.8.ZEXT.16,3'h5,1'h1,"CPNUM[1], CPINST[11:8]","CPNUM[0],CPINST[3:0]","CPNUM[2],CPINST[7:4]",swzse[3:0]=CPINST[16:13],,SWZ.8.ZEXT.16,CDP2,"3'h3, swzsel[3]",swzsel[2:0],"CPNUM[1], CRn[3:0]","CPNUM[0], CRm[3:0]","CPNUM[2],CRd[3:0]",,,,,,,,3'h,1,1,1'h,1,1,,,,,,,,
Operand width,16,8,8,,,,,,,,,,,,,,,,,,,,,,,,,,,,,,,,,,,,,,,,,,,,,,,,,,,,,,,,,,,,,,
,,,,ASRSAT.16.8,Shift and saturate  instruction,Rd,Rn,imm4,1,1,0,0,0,0,0,0,,Rn,Rn,Rn,Rn,Rd,Rd,Rd,Rd,imm3,imm2,imm1,imm0,ASRSAT.16.8,6'h2,2'h0,,,,,,ASRSAT.16.8,CDP2,4'h8,3'h0,"CPNUM[1], CRn[3:0]",,"CPNUM[2],CRd[3:0]","Imm5[4:0]=CPNUM[0], CRm[3:0]",,8,8,0,0,,6'h,2,2,2'h,0,0,,,,,,,,
,,,,LSRSAT.16.8,Shift and saturate  instruction,Rd,Rn,imm4,1,1,0,0,0,0,0,1,,Rn,Rn,Rn,Rn,Rd,Rd,Rd,Rd,imm3,imm2,imm1,imm0,LSRSAT.16.8,6'h2,2'h1,,,,,,LSRSAT.16.8,CDP2,4'h8,3'h1,"CPNUM[1], CRn[3:0]",,"CPNUM[2],CRd[3:0]","Imm5[4:0]=CPNUM[0], CRm[3:0]",,8,8,1,1,,6'h,2,2,2'h,1,1,,,,,,,,
,32,8,16,,,,,,,,,,,,,,,,,,,,,,,,,,,,,,,,,,,,,,,,,,,,,,,,,,,,,,,,,,,,,,
,,,,ASRSAT.32.16,Shift and saturate  instruction,Rd,Rn,imm4,1,1,0,0,0,1,0,0,,Rn,Rn,Rn,Rn,Rd,Rd,Rd,Rd,imm3,imm2,imm1,imm0,ASRSAT.32.16,6'h2,2'h4,"CPNUM[1], CPINST[11:8]",,"CPNUM[2],CPINST[7:4]","Imm5[4:0] = CPNUM[0], CPINST[3:0]",,ASRSAT.32.16,CDP2,4'h8,3'h4,"CPNUM[1], CRn[3:0]",,"CPNUM[2],CRd[3:0]","Imm5[4:0]=CPNUM[0], CRm[3:0]",,8,8,4,4,,6'h,2,2,2'h,4,4,,,,,,,,
,,,,LSRSAT.32.16,Shift and saturate  instruction,Rd,Rn,imm4,1,1,0,0,0,1,0,1,,Rn,Rn,Rn,Rn,Rd,Rd,Rd,Rd,imm3,imm2,imm1,imm0,LSRSAT.32.16,6'h2,2'h5,"CPNUM[1], CPINST[11:8]",,"CPNUM[2],CPINST[7:4]","Imm5[4:0] = CPNUM[0], CPINST[3:0]",,LSRSAT.32.16,CDP2,4'h8,3'h5,"CPNUM[1], CRn[3:0]",,"CPNUM[2],CRd[3:0]","Imm5[4:0]=CPNUM[0], CRm[3:0]",,8,8,5,5,,6'h,2,2,2'h,5,5,,,,,,,,
,,,,,,,,,,,,,,,,,,,,,,,,,,,,,,,,,,,,,,,,,,,,,,,,,,,,,,,,,,,,,,,,,
Operand width,N/A,8,8,,,,,,,,,,,,,,,,,,,,,,,,,,,,,,,,,,,,,,,,,,,,,,,,,,,,,,,,,,,,,,
,,,,ABS.8,Arithmetic instruction,Rd,Rm,Rm,1,1,0,0,1,0,0,0,,,,,,Rd,Rd,Rd,Rd,Rm,Rm,Rm,Rm,ABS.8,4'h4,4'h8,,"CPNUM[0],CPINST[3:0]","CPNUM[2],CPINST[7:4]",,,ABS.8,CDP2,4'h9,3'h0,,"CPNUM[0], CRm[3:0]","CPNUM[2],CRd[3:0]",,,9,9,0,0,,4'h,4,4,4'h,8,8,,,,,,,,
,,,,ABSS.8,Arithmetic instruction,Rd,Rm,Rm,1,1,0,0,1,0,0,1,,,,,,Rd,Rd,Rd,Rd,Rm,Rm,Rm,Rm,ABSS.8,4'h4,4'h9,,"CPNUM[0],CPINST[3:0]","CPNUM[2],CPINST[7:4]",,,ABSS.8,CDP2,4'h9,3'h1,,"CPNUM[0], CRm[3:0]","CPNUM[2],CRd[3:0]",,,9,9,1,1,,4'h,4,4,4'h,9,9,,,,,,,,
,,,,,,,,,,,,,,,,,,,,,,,,,,,,,,,,,,,,,,,,,,,,,,,,,,,,,,,,,,,,,,,,,
Operand width,N/A,16,16,,,,,,,,,,,,,,,,,,,,,,,,,,,,,,,,,,,,,,,,,,,,,,,,,,,,,,,,,,,,,,
,,,,ABS.16,Arithmetic instruction,Rd,Rm,Rm,1,1,0,0,1,1,0,0,,,,,,Rd,Rd,Rd,Rd,Rm,Rm,Rm,Rm,ABS.16,4'h4,4'hC,,"CPNUM[0],CPINST[3:0]","CPNUM[2],CPINST[7:4]",,,ABS.16,CDP2,4'h9,3'h4,,"CPNUM[0], CRm[3:0]","CPNUM[2],CRd[3:0]",,,9,9,4,4,,4'h,4,4,4'h,12,C,,,,,,,,
,,,,ABSS.16,Arithmetic instruction,Rd,Rm,Rm,1,1,0,0,1,1,0,1,,,,,,Rd,Rd,Rd,Rd,Rm,Rm,Rm,Rm,ABSS.16,4'h4,4'hD,,"CPNUM[0],CPINST[3:0]","CPNUM[2],CPINST[7:4]",,,ABSS.16,CDP2,4'h9,3'h5,,"CPNUM[0], CRm[3:0]","CPNUM[2],CRd[3:0]",,,9,9,5,5,,4'h,4,4,4'h,13,D,,,,,,,,
,,,,,,,,,,,,,,,,,,,,,,,,,,,,,,,,,,,,,,,,,,,,,,,,,,,,,,,,,,,,,,,,,
,,,,,,,,,,,,,,,,,,,,,,,,,,,,,,,,,,,,,,,,,,,,,,,,,,,,,,,,,,,,,,,,,
,,,,,,,,,,,,,,,,,,,,,,,,,,,,,,,,,,,,,,,,,,,,,,,,,,,,,,,,,,,,,,,,,
,,,,,,,,,,,,,,,,,,,,,,,,,,,,,,,,,,,,,,,,,,,,,,,,,,,,,,,,,,,,,,,,,
,,,,,,,,,,,,,,,,,,,,,,,,,,,,,,,,,,,,,,,,,,,,,,,,,,,,,,,,,,,,,,,,,
,,,,,,,,,,,,,,,,,,,,,,,,,,,,,,,,,,,,,,,,,,,,,,,,,,,,,,,,,,,,,,,,,
,,,,,,,,,,,,,,,,,,,,,,,,,,,,,,,,,,,,,,,,,,,,,,,,,,,,,,,,,,,,,,,,,
,,,,,,,,,,,,,,,,,,,,,,,,,,,,,,,,,,,,,,,,,,,,,,,,,,,,,,,,,,,,,,,,,
,,,,,,,,,,,,,,,,,,,,,,,,,,,,,,,,,,,,,,,,,,,,,,,,,,,,,,,,,,,,,,,,,
,,,,,,,,,,,,,,,,,,,,,,,,,,,,,,,,,,,,,,,,,,,,,,,,,,,,,,,,,,,,,,,,,
,,,,,,,,,,,,,,,,,,,,,,,,,,,,,,,,,,,,,,,,,,,,,,,,,,,,,,,,,,,,,,,,,
,,,,,,,,,,,,,,,,,,,,,,,,,,,,,,,,,,,,,,,,,,,,,,,,,,,,,,,,,,,,,,,,,
,,,,,,,,,,,,,,,,,,,,,,,,,,,,,,,,,,,,,,,,,,,,,,,,,,,,,,,,,,,,,,,,,
,,,,,,,,,,,,,,,,,,,,,,,,,,,,,,,,,,,,,,,,,,,,,,,,,,,,,,,,,,,,,,,,,
,,,,,,,,,,,,,,,,,,,,,,,,,,,,,,,,,,,,,,,,,,,,,,,,,,,,,,,,,,,,,,,,,
,,,,,,,,,,,,,,,,,,,,,,,,,,,,,,,,,,,,,,,,,,,,,,,,,,,,,,,,,,,,,,,,,
,,,,,,,,,,,,,,,,,,,,,,,,,,,,,,,,,,,,,,,,,,,,,,,,,,,,,,,,,,,,,,,,,
,,,,,,,,,,,,,,,,,,,,,,,,,,,,,,,,,,,,,,,,,,,,,,,,,,,,,,,,,,,,,,,,,
,,,,,,,,,,,,,,,,,,,,,,,,,,,,,,,,,,,,,,,,,,,,,,,,,,,,,,,,,,,,,,,,,
,,,,,,,,,,,,,,,,,,,,,,,,,,,,,,,,,,,,,,,,,,,,,,,,,,,,,,,,,,,,,,,,,
,,,,,,,,,,,,,,,,,,,,,,,,,,,,,,,,,,,,,,,,,,,,,,,,,,,,,,,,,,,,,,,,,
,,,,,,,,,,,,,,,,,,,,,,,,,,,,,,,,,,,,,,,,,,,,,,,,,,,,,,,,,,,,,,,,,
,,,,,,,,,,,,,,,,,,,,,,,,,,,,,,,,,,,,,,,,,,,,,,,,,,,,,,,,,,,,,,,,,
,,,,,,,,,,,,,,,,,,,,,,,,,,,,,,,,,,,,,,,,,,,,,,,,,,,,,,,,,,,,,,,,,
,,,,,,,,,,,,,,,,,,,,,,,,,,,,,,,,,,,,,,,,,,,,,,,,,,,,,,,,,,,,,,,,,
,,,,,,,,,,,,,,,,,,,,,,,,,,,,,,,,,,,,,,,,,,,,,,,,,,,,,,,,,,,,,,,,,
,,,,,,,,,,,,,,,,,,,,,,,,,,,,,,,,,,,,,,,,,,,,,,,,,,,,,,,,,,,,,,,,,
,,,,,,,,,,,,,,,,,,,,,,,,,,,,,,,,,,,,,,,,,,,,,,,,,,,,,,,,,,,,,,,,,
,,,,,,,,,,,,,,,,,,,,,,,,,,,,,,,,,,,,,,,,,,,,,,,,,,,,,,,,,,,,,,,,,
,,,,,,,,,,,,,,,,,,,,,,,,,,,,,,,,,,,,,,,,,,,,,,,,,,,,,,,,,,,,,,,,,
,,,,,,,,,,,,,,,,,,,,,,,,,,,,,,,,,,,,,,,,,,,,,,,,,,,,,,,,,,,,,,,,,
,,,,,,,,,,,,,,,,,,,,,,,,,,,,,,,,,,,,,,,,,,,,,,,,,,,,,,,,,,,,,,,,,
,,,,,,,,,,,,,,,,,,,,,,,,,,,,,,,,,,,,,,,,,,,,,,,,,,,,,,,,,,,,,,,,,
,,,,,,,,,,,,,,,,,,,,,,,,,,,,,,,,,,,,,,,,,,,,,,,,,,,,,,,,,,,,,,,,,
,,,,,,,,,,,,,,,,,,,,,,,,,,,,,,,,,,,,,,,,,,,,,,,,,,,,,,,,,,,,,,,,,
,,,,,,,,,,,,,,,,,,,,,,,,,,,,,,,,,,,,,,,,,,,,,,,,,,,,,,,,,,,,,,,,,
,,,,,,,,,,,,,,,,,,,,,,,,,,,,,,,,,,,,,,,,,,,,,,,,,,,,,,,,,,,,,,,,,
,,,,,,,,,,,,,,,,,,,,,,,,,,,,,,,,,,,,,,,,,,,,,,,,,,,,,,,,,,,,,,,,,
,,,,,,,,,,,,,,,,,,,,,,,,,,,,,,,,,,,,,,,,,,,,,,,,,,,,,,,,,,,,,,,,,
,,,,,,,,,,,,,,,,,,,,,,,,,,,,,,,,,,,,,,,,,,,,,,,,,,,,,,,,,,,,,,,,,
,,,,,,,,,,,,,,,,,,,,,,,,,,,,,,,,,,,,,,,,,,,,,,,,,,,,,,,,,,,,,,,,,
,,,,,,,,,,,,,,,,,,,,,,,,,,,,,,,,,,,,,,,,,,,,,,,,,,,,,,,,,,,,,,,,,
,,,,,,,,,,,,,,,,,,,,,,,,,,,,,,,,,,,,,,,,,,,,,,,,,,,,,,,,,,,,,,,,,
,,,,,,,,,,,,,,,,,,,,,,,,,,,,,,,,,,,,,,,,,,,,,,,,,,,,,,,,,,,,,,,,,
,,,,,,,,,,,,,,,,,,,,,,,,,,,,,,,,,,,,,,,,,,,,,,,,,,,,,,,,,,,,,,,,,
,,,,,,,,,,,,,,,,,,,,,,,,,,,,,,,,,,,,,,,,,,,,,,,,,,,,,,,,,,,,,,,,,
,,,,,,,,,,,,,,,,,,,,,,,,,,,,,,,,,,,,,,,,,,,,,,,,,,,,,,,,,,,,,,,,,
,,,,,,,,,,,,,,,,,,,,,,,,,,,,,,,,,,,,,,,,,,,,,,,,,,,,,,,,,,,,,,,,,
,,,,,,,,,,,,,,,,,,,,,,,,,,,,,,,,,,,,,,,,,,,,,,,,,,,,,,,,,,,,,,,,,
,,,,,,,,,,,,,,,,,,,,,,,,,,,,,,,,,,,,,,,,,,,,,,,,,,,,,,,,,,,,,,,,,
,,,,,,,,,,,,,,,,,,,,,,,,,,,,,,,,,,,,,,,,,,,,,,,,,,,,,,,,,,,,,,,,,
,,,,,,,,,,,,,,,,,,,,,,,,,,,,,,,,,,,,,,,,,,,,,,,,,,,,,,,,,,,,,,,,,
,,,,,,,,,,,,,,,,,,,,,,,,,,,,,,,,,,,,,,,,,,,,,,,,,,,,,,,,,,,,,,,,,
,,,,,,,,,,,,,,,,,,,,,,,,,,,,,,,,,,,,,,,,,,,,,,,,,,,,,,,,,,,,,,,,,
,,,,,,,,,,,,,,,,,,,,,,,,,,,,,,,,,,,,,,,,,,,,,,,,,,,,,,,,,,,,,,,,,
,,,,,,,,,,,,,,,,,,,,,,,,,,,,,,,,,,,,,,,,,,,,,,,,,,,,,,,,,,,,,,,,,
,,,,,,,,,,,,,,,,,,,,,,,,,,,,,,,,,,,,,,,,,,,,,,,,,,,,,,,,,,,,,,,,,
,,,,,,,,,,,,,,,,,,,,,,,,,,,,,,,,,,,,,,,,,,,,,,,,,,,,,,,,,,,,,,,,,
,,,,,,,,,,,,,,,,,,,,,,,,,,,,,,,,,,,,,,,,,,,,,,,,,,,,,,,,,,,,,,,,,
,,,,,,,,,,,,,,,,,,,,,,,,,,,,,,,,,,,,,,,,,,,,,,,,,,,,,,,,,,,,,,,,,
,,,,,,,,,,,,,,,,,,,,,,,,,,,,,,,,,,,,,,,,,,,,,,,,,,,,,,,,,,,,,,,,,
,,,,,,,,,,,,,,,,,,,,,,,,,,,,,,,,,,,,,,,,,,,,,,,,,,,,,,,,,,,,,,,,,
,,,,,,,,,,,,,,,,,,,,,,,,,,,,,,,,,,,,,,,,,,,,,,,,,,,,,,,,,,,,,,,,,
,,,,,,,,,,,,,,,,,,,,,,,,,,,,,,,,,,,,,,,,,,,,,,,,,,,,,,,,,,,,,,,,,
,,,,,,,,,,,,,,,,,,,,,,,,,,,,,,,,,,,,,,,,,,,,,,,,,,,,,,,,,,,,,,,,,
,,,,,,,,,,,,,,,,,,,,,,,,,,,,,,,,,,,,,,,,,,,,,,,,,,,,,,,,,,,,,,,,,
,,,,,,,,,,,,,,,,,,,,,,,,,,,,,,,,,,,,,,,,,,,,,,,,,,,,,,,,,,,,,,,,,
,,,,,,,,,,,,,,,,,,,,,,,,,,,,,,,,,,,,,,,,,,,,,,,,,,,,,,,,,,,,,,,,,
,,,,,,,,,,,,,,,,,,,,,,,,,,,,,,,,,,,,,,,,,,,,,,,,,,,,,,,,,,,,,,,,,
,,,,,,,,,,,,,,,,,,,,,,,,,,,,,,,,,,,,,,,,,,,,,,,,,,,,,,,,,,,,,,,,,
,,,,,,,,,,,,,,,,,,,,,,,,,,,,,,,,,,,,,,,,,,,,,,,,,,,,,,,,,,,,,,,,,
,,,,,,,,,,,,,,,,,,,,,,,,,,,,,,,,,,,,,,,,,,,,,,,,,,,,,,,,,,,,,,,,,
,,,,,,,,,,,,,,,,,,,,,,,,,,,,,,,,,,,,,,,,,,,,,,,,,,,,,,,,,,,,,,,,,
,,,,,,,,,,,,,,,,,,,,,,,,,,,,,,,,,,,,,,,,,,,,,,,,,,,,,,,,,,,,,,,,,
